Ethnicity,Group
African Americans,Black
Omaha Tribe of Nebraska,Native American
Jewish people,Middle Eastern
Irish Americans,White
Indian Americans,Asian
Italians,White
German Americans,White
Indians,Asian
Ezhava,Asian
Malayali,Asian
Taiwanese people,Asian
Armenians,Middle Eastern
Marathi people,Asian
Lithuanian Americans,White
Black people,Black
Italian Americans,White
Danish Americans,White
American Jews,Middle Eastern
Scottish Americans,White
Puerto Ricans,Hispanic
English people,White
Irish people,White
European Americans,White
Russian Americans,White
English Americans,White
Gujarati people,Asian
Spanish Americans,Hispanic
Bihari people,Asian
Nair,Asian
Cuban Americans,Hispanic
White people,White
Canadian Americans,White
Russians,White
British Nigerian,Black
Yoruba people,Black
Japanese people,Asian
Scandinavian Americans,White
Filipino Americans,Asian
Swedish Americans,White
Finnish Americans,White
Koreans,Asian
French,White
Welsh people,White
White Americans,White
Bengali,Asian
Uruguayans,Hispanic
Iranian peoples,Middle Eastern
Mexicans,Hispanic
Dutch Americans,White
Hungarian Americans,White
Spaniards,White
Gaud Saraswat Brahmin,Asian
Bunt (RAJPUT),Asian
Afghans in India,Middle Eastern
Hispanic and Latino Americans,Hispanic
Swedes,White
Sindhis,Asian
Tamil,Asian
Italian Canadians,White
Asian Americans,Asian
Guyanese Americans,Others
Mexican Americans,Hispanic
Japanese Americans,Asian
Punjabis,Asian
Bengali Hindus,Asian
Kanyakubja Brahmins,Asian
British,White
White British,White
Scottish Australians,White
White Africans of European ancestry,White
Americans,White
Germans,White
Stateside Puerto Ricans,Hispanic
Cherokee,Native American
Tamil Brahmin,Asian
Serbian Americans,White
Dominican Americans,Hispanic
Polish Americans,White
Austrians,White
Hongkongers,Asian
Rusyn American,White
French Canadians,White
Muslim,Others
Pashtuns,Middle Eastern
British Indian,Asian
Telugu people,Asian
Kayastha,Asian
Irish migration to Great Britain,White
Scotch-Irish Americans,White
Filipino people,Asian
Sri Lankan Tamils,Asian
names of the Greeks,White
Asian people,Asian
Brahmin,Asian
Telugu Brahmins,Asian
Italian Australians,White
Australian Americans,White
Czech Americans,White
Jatt Sikh,Asian
Kashmiri Pandit,Asian
Jaat,Asian
Black Irish,Black
Scottish people,White
British Americans,White
Norwegians,White
Bosnians,White
Sicilian Americans,White
English Australian,White
Australians,White
Danes,White
French Chilean,Hispanic
multiracial American,Others
Albanian Americans,White
Austrian Americans,White
Romani people,Others
French Americans,White
Native Hawaiians,Native American
Slovaks,White
Chinese Americans,Asian
Greek Americans,White
Hungarians,White
Romanichal,Others
Parsi,Asian
Indonesian Americans,Asian
Colombian Americans,Hispanic
African-American Jews,Black
Slovak Americans,White
Serbs of Croatia,White
Black Canadians,Black
Lebanese Americans,Middle Eastern
Anglo-Celtic Australians,White
Pathani,Asian
Swiss,White
Aboriginal Australians,Others
Latvians,White
Criollo people,Hispanic
Norwegian Americans,White
Belgians,White
Portuguese Americans,White
Bolivian Americans,Hispanic
Kiwi,Others
Konkani people,Asian
Cubans,Hispanic
Samoan Americans,Others
Armenian Americans,Middle Eastern
Afro Trinidadians and Tobagonians,Black
Moroccan Americans,Black
Irish Canadians,White
Scottish Canadians,White
Kannada people,Asian
Italian Brazilians,White
Taiwanese Americans,Asian
English Canadians,White
Cajun,White
Colombian Australian,Hispanic
Pakistanis,Asian
Syrian Americans,Middle Eastern
Pacific Islander Americans,Others
Chilean Americans,Hispanic
Tamil Americans,Asian
Israelis,Middle Eastern
Afro-Cuban,Black
Dutch,White
White South Africans,White
Welsh Americans,White
Nepali Indian,Asian
Slavs,White
First Nations,Native American
مسح,Others
Iranians in the United Kingdom,Middle Eastern
Akan people,Black
Croatian Canadians,White
Māori,Others
Mizrahi Jews,Middle Eastern
Black Britons,Black
Chinese Filipino,Asian
Pakistani Canadians,Middle Eastern
Indigenous peoples of the Americas,Native American
Native Americans in the United States,Native American
Dalmatian Italians,White
Ashkenazi Jews,White
Romanian Americans,White
Eurasian,Others
Chinese Singaporeans,Asian
Chaliyan,Asian
Korean Americans,Asian
Moroccan Jews,Black
British Jews,White
Lebanese people,Middle Eastern
Catalans,White
Sikh,Asian
Belarusians,White
Niyogi,Asian
Samoan New Zealanders,Others
Blackfoot Confederacy,Native American
British Chinese,White
Polish Canadians,White
Chitrapur Saraswat Brahmin,Asian
Sámi people,White
Soviet people,White
Filipino Australians,Asian
Karnataka Brahmins,Asian
Czechs,White
Russian Canadians,White
Argentines,Hispanic
Anglo-Indian people,Asian
Croatian Americans,White
Hispanic,Hispanic
Tulu people,Asian
Serbs in the United Kingdom,White
Kapampangan people,Asian
Ilocano,Asian
Ojibwe,Native American
Marwari people,Asian
Brazilian Americans,Hispanic
German Canadians,White
Mohyal,Asian
Castilians,White
Bhutia,Asian
Iraqi Americans,Middle Eastern
Bosniaks,White
Filipino people of Spanish ancestry,Asian
Sri Lankan Tamil diaspora,Asian
Sephardi Jews,White
Brazilians,Hispanic
Berber,Middle Eastern
Serbian Canadians,White
Israeli Americans,Middle Eastern
Greek Canadians,White
Moroccans,Middle Eastern
history of the Jews in India,Others
Kikuyu,Black
Xhosa people,Black
Egyptians,Middle Eastern
Poles,White
Dutch Australian,White
Serbs in North Macedonia,White
Arab Americans,Middle Eastern
Croats,White
Galicians,White
Palestinians in the United States,Middle Eastern
Welsh Italians,White
Greek Cypriots,White
Poles in the United Kingdom,White
Ecuadorian Americans,Hispanic
Mohawk,Native American
Inuit,Native American
Sioux,Native American
Lumbee,Native American
Malaysian Chinese,Asian
Hindkowans,Middle Eastern
Anglo-Irish people,White
Canadians in the United Kingdom,White
Mangaloreans,Asian
Slovene Americans,White
Aromanians,White
Swedish-speaking population of Finland,White
Bulgarian Canadians,White
Hmong Americans,Asian
Ukrainian Americans,White
Arabs in Bulgaria,Middle Eastern
British Asians,White
Koryo-saram,Asian
White Latin American,White
Italians in the United Kingdom,White
Burmese Americans,Asian
Finns,White
Irish Australians,White
Lao people,Asian
Croatian Australians,White
Vietnamese people,Asian
Kashmiri people,Asian
Rohilla,Middle Eastern
Hondurans,Hispanic
South African Americans,White
Indian diaspora in France,Asian
Chinese Indonesians,Asian
Ukrainians,White
Ghanaian Americans,Black
Polish Australians,White
Agrawal,Asian
Albanians,White
Chinese Canadians,Asian
Javanese,Asian
Sudanese Arabs,Middle Eastern
Peruvians in the United Kingdom,Hispanic
Sierra Leoneans in the United Kingdom,Black
Venezuelans,Hispanic
Mudaliar,Asian
Sinhalese,Asian
Cree,Native American
Cambodian Americans,Asian
Portuguese,White
Thai Chinese,Asian
Chinese Jamaicans,Asian
Acadians,Others
Muhajir,Middle Eastern
Honduran Americans,Hispanic
Serbian Australians,White
Colombians,Hispanic
Ghanaian,Black
Hindu,Asian
Chileans,Hispanic
Indo-Canadians,Asian
Persians,Middle Eastern
African people,Black
Bengali Brahmins,Asian
Swedish Canadians,White
Sudanese Australians,Asian
Vietnamese Americans,Asian
Haitian Americans,Black
Pakistani Americans,Middle Eastern
Kabyle people,Middle Eastern
Bahamian Americans,Black
British Jamaicans,Black
French-speaking Quebecer,White
Assyrian people,Middle Eastern
Rajput,Others
Turkish Americans,Middle Eastern
Chileans in the United Kingdom,Hispanic
Gibraltarian people,Others
Sri Lankan Americans,Asian
Icelanders,White
Copts,Middle Eastern
Choctaw,Native American
Louisiana Creole people,Others
Latin American British,Hispanic
Lithuanian Jews,White
Salvadoran Americans,Hispanic
Khatri,Asian
Latino,Hispanic
Nigerian Americans,Black
Dinka people,Black
Apache,Native American
Estonians,White
Yugoslavs,White
Bulgarians,White
Five Nations,Native American
Somalis,Black
Arab Mexican,Hispanic
Ryukyuan people,Others
Canadian Australian,White
Bohemian People,Others
Ukrainian Canadians,White
Austrians in the United Kingdom,White
Dutch Canadians,White
Luxembourgish Americans,White
Lebanese Mexicans,Middle Eastern
Iranian Americans,Middle Eastern
Mandinka people,Black
Tibetan people,Asian
Spanish people of Filipino ancestry,Asian
Corsicans,White
Aceh,Asian
Sherpa,Asian
Romanians,White
Malagasy people,Black
Filipino mestizo,Asian
Indian Australian,Asian
Punjabi diaspora,Asian
Armenians in Italy,Middle Eastern
Serbs of Bosnia and Herzegovina,Middle Eastern
Manchu,Asian
Buryats,Asian
Cheyennes,Native American
Québécois,White
Armenians of Russia,Middle Eastern
Dene,Native American
multiracial people,Others
Spaniards in Mexico,White
Romani people in Spain,Asian
Chettiar,Asian
Baltic Russians,White
Iñupiaq people,Native American
Transylvanian Saxons,White
Greek Australians,White
Latvian Americans,White
Panamanian Americans,Hispanic
Dalit,Asian
Afro-Asians,Black
Venezuelan Americans,Hispanic
Indo Caribbeans,Asian
British African-Caribbean people,Black
Tatars,Asian
Tejano,Hispanic
Lebanese people in the United Kingdom,Middle Eastern
Métis,Black
Ossetians,Others
Thai Americans,Asian
German Brazilians,White
Arabs,Middle Eastern
Zhuang people,Asian
Italian immigration to Mexico,White
Danish Canadians,White
Manx people,White
Japanese Brazilians,Asian
Indian diaspora,Asian
Ho-Chunk,Native American
Greeks in the United Kingdom,White
Barbadian Americans,Black
Wolof people,Black
culture of Palestine,Middle Eastern
Czech Australians,White
Israeli Jews,Middle Eastern
Slovenes,White
Nez Perce,Native American
Swedish Australian,White
Afro-Guyanese,Black
Dogra,Asian
Kurds,Middle Eastern
Basque people,White
Black Hispanic and Latino Americans,Hispanic
Gin people,Asian
Indo-Guyanese,Asian
Hazaras,Middle Eastern
Hutsuls,White
Aymara,Hispanic
Oneida,White
Azerbaijanis,Middle Eastern
Bangladeshi Americans,Asian
Thai people,Asian
Iranian Canadians,Middle Eastern
Afrikaners,White
peoples of the Caucasus,White
Sierra Leone Creole people,Black
Georgians,White
Goans,Asian